anwesend, 2023-06-09 13:01:52
abwesend, 2023-06-09 13:02:07
anwesend, 2023-06-09 13:02:15
abwesend, 2023-06-09 13:02:20
anwesend, 2023-06-09 13:04:02
abwesend, 2023-06-09 13:06:43
anwesend, 2023-06-09 13:06:52
abwesend, 2023-06-09 13:11:32
anwesend, 2023-06-09 13:11:38
abwesend, 2023-06-09 13:12:21
anwesend, 2023-06-09 13:12:28
abwesend, 2023-06-09 13:18:57
anwesend, 2023-06-09 13:19:02
abwesend, 2023-06-09 13:35:34
anwesend, 2023-06-09 13:35:40
abwesend, 2023-06-09 13:36:42
anwesend, 2023-06-09 13:36:50
abwesend, 2023-06-09 13:53:04
